code,date,value
A191RL1,1/1/2004,1.9
A006RY2,1/1/2004,1.05
A007RY2,1/1/2004,1.07
A008RY2,1/1/2004,1.23
A009RY2,1/1/2004,0.06
B935RY2,1/1/2004,0.17
B985RY2,1/1/2004,0.15
A937RY2,1/1/2004,0.28
A680RY2,1/1/2004,0.25
A681RY2,1/1/2004,0.1
A862RY2,1/1/2004,0.19
A011RY2,1/1/2004,0.16
A014RY2,1/1/2004,0.03
B018RY2,1/1/2004,0.29
A015RY2,1/1/2004,0.26
A019RY2,1/1/2004,0.6
A020RY2,1/1/2004,0.8
A253RY2,1/1/2004,0.24
A646RY2,1/1/2004,0.56
A021RY2,1/1/2004,1.42
A255RY2,1/1/2004,1.05
A656RY2,1/1/2004,0.36
A822RY2,1/1/2004,0.16
A823RY2,1/1/2004,0.47
A824RY2,1/1/2004,0.51
A997RY2,1/1/2004,0.25
A788RY2,1/1/2004,0.25
A825RY2,1/1/2004,0.03
A542RY2,1/1/2004,0.01
A798RY2,1/1/2004,0.03
A829RY2,1/1/2004,0.31
A991RY2,1/1/2004,0.02
A799RY2,1/1/2004,0.28
A191RL1,4/1/2004,0
A006RY2,4/1/2004,0.63
A007RY2,4/1/2004,0.14
A008RY2,4/1/2004,0.19
A009RY2,4/1/2004,0.07
B935RY2,4/1/2004,0.14
B985RY2,4/1/2004,0.09
A937RY2,4/1/2004,0.02
A680RY2,4/1/2004,0.13
A681RY2,4/1/2004,0.31
A862RY2,4/1/2004,0.01
A011RY2,4/1/2004,0.06
A014RY2,4/1/2004,0.51
B018RY2,4/1/2004,0.43
A015RY2,4/1/2004,0.07
A019RY2,4/1/2004,1.76
A020RY2,4/1/2004,0.76
A253RY2,4/1/2004,0.56
A646RY2,4/1/2004,0.2
A021RY2,4/1/2004,1
A255RY2,4/1/2004,0.92
A656RY2,4/1/2004,0.08
A822RY2,4/1/2004,0.01
A823RY2,4/1/2004,0.1
A824RY2,4/1/2004,0.11
A997RY2,4/1/2004,0.06
A788RY2,4/1/2004,0.17
A825RY2,4/1/2004,0.01
A542RY2,4/1/2004,0.06
A798RY2,4/1/2004,0.08
A829RY2,4/1/2004,0.09
A991RY2,4/1/2004,0.08
A799RY2,4/1/2004,0.17
A191RL1,7/1/2004,0
A006RY2,7/1/2004,0.32
A007RY2,7/1/2004,0.14
A008RY2,7/1/2004,0.15
A009RY2,7/1/2004,0.12
B935RY2,7/1/2004,0.03
B985RY2,7/1/2004,0.14
A937RY2,7/1/2004,0.06
A680RY2,7/1/2004,0.19
A681RY2,7/1/2004,0.08
A862RY2,7/1/2004,0.11
A011RY2,7/1/2004,0.01
A014RY2,7/1/2004,0.17
B018RY2,7/1/2004,0.15
A015RY2,7/1/2004,0.32
A019RY2,7/1/2004,0.25
A020RY2,7/1/2004,0.29
A253RY2,7/1/2004,0.27
A646RY2,7/1/2004,0.01
A021RY2,7/1/2004,0.53
A255RY2,7/1/2004,0.22
A656RY2,7/1/2004,0.32
A822RY2,7/1/2004,0.04
A823RY2,7/1/2004,0.2
A824RY2,7/1/2004,0.16
A997RY2,7/1/2004,0.02
A788RY2,7/1/2004,0.14
A825RY2,7/1/2004,0.04
A542RY2,7/1/2004,0.03
A798RY2,7/1/2004,0.07
A829RY2,7/1/2004,0.16
A991RY2,7/1/2004,0.08
A799RY2,7/1/2004,0.07
A191RL1,10/1/2004,0.4
A006RY2,10/1/2004,0.04
A007RY2,10/1/2004,0.31
A008RY2,10/1/2004,0.02
A009RY2,10/1/2004,0.1
B935RY2,10/1/2004,0.25
B985RY2,10/1/2004,0.1
A937RY2,10/1/2004,0.01
A680RY2,10/1/2004,0.02
A681RY2,10/1/2004,0.14
A862RY2,10/1/2004,0.04
A011RY2,10/1/2004,0.33
A014RY2,10/1/2004,0.27
B018RY2,10/1/2004,0.04
A015RY2,10/1/2004,0.22
A019RY2,10/1/2004,1.26
A020RY2,10/1/2004,1.33
A253RY2,10/1/2004,1.01
A646RY2,10/1/2004,0.32
A021RY2,10/1/2004,0.06
A255RY2,10/1/2004,0.26
A656RY2,10/1/2004,0.31
A822RY2,10/1/2004,0.51
A823RY2,10/1/2004,0.36
A824RY2,10/1/2004,0.42
A997RY2,10/1/2004,0.24
A788RY2,10/1/2004,0.18
A825RY2,10/1/2004,0.06
A542RY2,10/1/2004,0.07
A798RY2,10/1/2004,0.01
A829RY2,10/1/2004,0.15
A991RY2,10/1/2004,0.03
A799RY2,10/1/2004,0.12
A191RL1,1/1/2005,1.2
A006RY2,1/1/2005,0.14
A007RY2,1/1/2005,0.38
A008RY2,1/1/2005,0.11
A009RY2,1/1/2005,0.19
B935RY2,1/1/2005,0.47
B985RY2,1/1/2005,0.25
A937RY2,1/1/2005,0.01
A680RY2,1/1/2005,0.07
A681RY2,1/1/2005,0.12
A862RY2,1/1/2005,0.2
A011RY2,1/1/2005,0.28
A014RY2,1/1/2005,0.24
B018RY2,1/1/2005,0.26
A015RY2,1/1/2005,0.01
A019RY2,1/1/2005,1.39
A020RY2,1/1/2005,0.08
A253RY2,1/1/2005,0.11
A646RY2,1/1/2005,0.02
A021RY2,1/1/2005,1.48
A255RY2,1/1/2005,1.35
A656RY2,1/1/2005,0.12
A822RY2,1/1/2005,0.08
A823RY2,1/1/2005,0.13
A824RY2,1/1/2005,0.16
A997RY2,1/1/2005,0.05
A788RY2,1/1/2005,0.22
A825RY2,1/1/2005,0.03
A542RY2,1/1/2005,0.03
A798RY2,1/1/2005,0
A829RY2,1/1/2005,0.06
A991RY2,1/1/2005,0.02
A799RY2,1/1/2005,0.04
A191RL1,4/1/2005,1.3
A006RY2,4/1/2005,0.15
A007RY2,4/1/2005,0.31
A008RY2,4/1/2005,0.23
A009RY2,4/1/2005,0.13
B935RY2,4/1/2005,0.22
B985RY2,4/1/2005,0.04
A937RY2,4/1/2005,0.04
A680RY2,4/1/2005,0.23
A681RY2,4/1/2005,0.28
A862RY2,4/1/2005,0.03
A011RY2,4/1/2005,0.08
A014RY2,4/1/2005,0.16
B018RY2,4/1/2005,0.25
A015RY2,4/1/2005,0.09
A019RY2,4/1/2005,1.53
A020RY2,4/1/2005,0.52
A253RY2,4/1/2005,0.13
A646RY2,4/1/2005,0.39
A021RY2,4/1/2005,1.02
A255RY2,4/1/2005,1.03
A656RY2,4/1/2005,0.01
A822RY2,4/1/2005,0.24
A823RY2,4/1/2005,0.03
A824RY2,4/1/2005,0.06
A997RY2,4/1/2005,0
A788RY2,4/1/2005,0.06
A825RY2,4/1/2005,0.09
A542RY2,4/1/2005,0.01
A798RY2,4/1/2005,0.08
A829RY2,4/1/2005,0.21
A991RY2,4/1/2005,0.05
A799RY2,4/1/2005,0.17
A191RL1,7/1/2005,0.4
A006RY2,7/1/2005,0.43
A007RY2,7/1/2005,0.26
A008RY2,7/1/2005,0.25
A009RY2,7/1/2005,0.02
B935RY2,7/1/2005,0.01
B985RY2,7/1/2005,0.15
A937RY2,7/1/2005,0.02
A680RY2,7/1/2005,0.03
A681RY2,7/1/2005,0.29
A862RY2,7/1/2005,0.06
A011RY2,7/1/2005,0.01
A014RY2,7/1/2005,0.17
B018RY2,7/1/2005,0.16
A015RY2,7/1/2005,0.02
A019RY2,7/1/2005,0.18
A020RY2,7/1/2005,0.03
A253RY2,7/1/2005,0.25
A646RY2,7/1/2005,0.22
A021RY2,7/1/2005,0.14
A255RY2,7/1/2005,0.05
A656RY2,7/1/2005,0.2
A822RY2,7/1/2005,0.01
A823RY2,7/1/2005,0
A824RY2,7/1/2005,0.06
A997RY2,7/1/2005,0.05
A788RY2,7/1/2005,0.03
A825RY2,7/1/2005,0.06
A542RY2,7/1/2005,0.02
A798RY2,7/1/2005,0.09
A829RY2,7/1/2005,0.01
A991RY2,7/1/2005,0.05
A799RY2,7/1/2005,0.04
A191RL1,10/1/2005,1.2
A006RY2,10/1/2005,0.37
A007RY2,10/1/2005,0.37
A008RY2,10/1/2005,0.1
A009RY2,10/1/2005,0.07
B935RY2,10/1/2005,0.08
B985RY2,10/1/2005,0.12
A937RY2,10/1/2005,0.02
A680RY2,10/1/2005,0.07
A681RY2,10/1/2005,0.04
A862RY2,10/1/2005,0.02
A011RY2,10/1/2005,0.27
A014RY2,10/1/2005,0.73
B018RY2,10/1/2005,0.06
A015RY2,10/1/2005,0.8
A019RY2,10/1/2005,0.45
A020RY2,10/1/2005,0.87
A253RY2,10/1/2005,0.53
A646RY2,10/1/2005,0.35
A021RY2,10/1/2005,0.43
A255RY2,10/1/2005,0.36
A656RY2,10/1/2005,0.07
A822RY2,10/1/2005,0.16
A823RY2,10/1/2005,0.07
A824RY2,10/1/2005,0.11
A997RY2,10/1/2005,0.18
A788RY2,10/1/2005,0.07
A825RY2,10/1/2005,0.03
A542RY2,10/1/2005,0.06
A798RY2,10/1/2005,0.09
A829RY2,10/1/2005,0.1
A991RY2,10/1/2005,0.07
A799RY2,10/1/2005,0.17
A191RL1,1/1/2006,0.1
A006RY2,1/1/2006,0.01
A007RY2,1/1/2006,0.05
A008RY2,1/1/2006,0.36
A009RY2,1/1/2006,0.16
B935RY2,1/1/2006,0.04
B985RY2,1/1/2006,0.01
A937RY2,1/1/2006,0.06
A680RY2,1/1/2006,0.17
A681RY2,1/1/2006,0.11
A862RY2,1/1/2006,0.09
A011RY2,1/1/2006,0.41
A014RY2,1/1/2006,0.03
B018RY2,1/1/2006,0.05
A015RY2,1/1/2006,0.09
A019RY2,1/1/2006,1.02
A020RY2,1/1/2006,0.31
A253RY2,1/1/2006,0.05
A646RY2,1/1/2006,0.26
A021RY2,1/1/2006,0.71
A255RY2,1/1/2006,0.99
A656RY2,1/1/2006,0.28
A822RY2,1/1/2006,0.13
A823RY2,1/1/2006,0.02
A824RY2,1/1/2006,0.1
A997RY2,1/1/2006,0.14
A788RY2,1/1/2006,0.04
A825RY2,1/1/2006,0.08
A542RY2,1/1/2006,0.02
A798RY2,1/1/2006,0.05
A829RY2,1/1/2006,0.11
A991RY2,1/1/2006,0.18
A799RY2,1/1/2006,0.07
A191RL1,4/1/2006,1.3
A006RY2,4/1/2006,0.79
A007RY2,4/1/2006,0.57
A008RY2,4/1/2006,0.35
A009RY2,4/1/2006,0.02
B935RY2,4/1/2006,0.06
B985RY2,4/1/2006,0.03
A937RY2,4/1/2006,0.1
A680RY2,4/1/2006,0.12
A681RY2,4/1/2006,0.04
A862RY2,4/1/2006,0.14
A011RY2,4/1/2006,0.93
A014RY2,4/1/2006,0.21
B018RY2,4/1/2006,0.25
A015RY2,4/1/2006,0.04
A019RY2,4/1/2006,0.31
A020RY2,4/1/2006,0.43
A253RY2,4/1/2006,0.26
A646RY2,4/1/2006,0.17
A021RY2,4/1/2006,0.73
A255RY2,4/1/2006,0.77
A656RY2,4/1/2006,0.04
A822RY2,4/1/2006,0.16
A823RY2,4/1/2006,0.2
A824RY2,4/1/2006,0.19
A997RY2,4/1/2006,0.12
A788RY2,4/1/2006,0.08
A825RY2,4/1/2006,0.01
A542RY2,4/1/2006,0.04
A798RY2,4/1/2006,0.04
A829RY2,4/1/2006,0.04
A991RY2,4/1/2006,0.13
A799RY2,4/1/2006,0.09
A191RL1,7/1/2006,1.2
A006RY2,7/1/2006,0.46
A007RY2,7/1/2006,0.54
A008RY2,7/1/2006,0.27
A009RY2,7/1/2006,0.2
B935RY2,7/1/2006,0.03
B985RY2,7/1/2006,0.02
A937RY2,7/1/2006,0.03
A680RY2,7/1/2006,0.08
A681RY2,7/1/2006,0.14
A862RY2,7/1/2006,0.16
A011RY2,7/1/2006,0.27
A014RY2,7/1/2006,0.08
B018RY2,7/1/2006,0.05
A015RY2,7/1/2006,0.04
A019RY2,7/1/2006,0.01
A020RY2,7/1/2006,0.78
A253RY2,7/1/2006,0.71
A646RY2,7/1/2006,0.08
A021RY2,7/1/2006,0.8
A255RY2,7/1/2006,0.74
A656RY2,7/1/2006,0.05
A822RY2,7/1/2006,0.21
A823RY2,7/1/2006,0.11
A824RY2,7/1/2006,0.07
A997RY2,7/1/2006,0
A788RY2,7/1/2006,0.07
A825RY2,7/1/2006,0.04
A542RY2,7/1/2006,0.06
A798RY2,7/1/2006,0.01
A829RY2,7/1/2006,0.09
A991RY2,7/1/2006,0.06
A799RY2,7/1/2006,0.03
A191RL1,10/1/2006,0.3
A006RY2,10/1/2006,0.09
A007RY2,10/1/2006,0.45
A008RY2,10/1/2006,0.39
A009RY2,10/1/2006,0.1
B935RY2,10/1/2006,0.04
B985RY2,10/1/2006,0.02
A937RY2,10/1/2006,0.11
A680RY2,10/1/2006,0.06
A681RY2,10/1/2006,0.23
A862RY2,10/1/2006,0.03
A011RY2,10/1/2006,0.07
A014RY2,10/1/2006,0.36
B018RY2,10/1/2006,0.07
A015RY2,10/1/2006,0.44
A019RY2,10/1/2006,0.1
A020RY2,10/1/2006,0.82
A253RY2,10/1/2006,0.26
A646RY2,10/1/2006,0.56
A021RY2,10/1/2006,0.72
A255RY2,10/1/2006,0.35
A656RY2,10/1/2006,0.37
A822RY2,10/1/2006,0.19
A823RY2,10/1/2006,0.01
A824RY2,10/1/2006,0.08
A997RY2,10/1/2006,0.12
A788RY2,10/1/2006,0.04
A825RY2,10/1/2006,0.08
A542RY2,10/1/2006,0.02
A798RY2,10/1/2006,0.06
A829RY2,10/1/2006,0.19
A991RY2,10/1/2006,0.02
A799RY2,10/1/2006,0.18
A191RL1,1/1/2007,1.1
A006RY2,1/1/2007,0.35
A007RY2,1/1/2007,0.64
A008RY2,1/1/2007,0.68
A009RY2,1/1/2007,0.38
B935RY2,1/1/2007,0.14
B985RY2,1/1/2007,0.06
A937RY2,1/1/2007,0.2
A680RY2,1/1/2007,0.13
A681RY2,1/1/2007,0.2
A862RY2,1/1/2007,0.14
A011RY2,1/1/2007,0.04
A014RY2,1/1/2007,0.28
B018RY2,1/1/2007,0.21
A015RY2,1/1/2007,0.5
A019RY2,1/1/2007,0.21
A020RY2,1/1/2007,0.86
A253RY2,1/1/2007,0.47
A646RY2,1/1/2007,0.39
A021RY2,1/1/2007,0.66
A255RY2,1/1/2007,0.67
A656RY2,1/1/2007,0.02
A822RY2,1/1/2007,0.34
A823RY2,1/1/2007,0.18
A824RY2,1/1/2007,0.05
A997RY2,1/1/2007,0.08
A788RY2,1/1/2007,0.01
A825RY2,1/1/2007,0.11
A542RY2,1/1/2007,0.11
A798RY2,1/1/2007,0
A829RY2,1/1/2007,0.16
A991RY2,1/1/2007,0.08
A799RY2,1/1/2007,0.08
A191RL1,4/1/2007,0.3
A006RY2,4/1/2007,0.53
A007RY2,4/1/2007,0.15
A008RY2,4/1/2007,0.2
A009RY2,4/1/2007,0.04
B935RY2,4/1/2007,0.07
B985RY2,4/1/2007,0.07
A937RY2,4/1/2007,0.04
A680RY2,4/1/2007,0.12
A681RY2,4/1/2007,0.13
A862RY2,4/1/2007,0.07
A011RY2,4/1/2007,0.35
A014RY2,4/1/2007,0.68
B018RY2,4/1/2007,0.19
A015RY2,4/1/2007,0.87
A019RY2,4/1/2007,0.7
A020RY2,4/1/2007,0.05
A253RY2,4/1/2007,0
A646RY2,4/1/2007,0.05
A021RY2,4/1/2007,0.75
A255RY2,4/1/2007,0.5
A656RY2,4/1/2007,0.25
A822RY2,4/1/2007,0.16
A823RY2,4/1/2007,0.01
A824RY2,4/1/2007,0.05
A997RY2,4/1/2007,0.19
A788RY2,4/1/2007,0.14
A825RY2,4/1/2007,0.03
A542RY2,4/1/2007,0.03
A798RY2,4/1/2007,0.01
A829RY2,4/1/2007,0.15
A991RY2,4/1/2007,0.12
A799RY2,4/1/2007,0.03
A191RL1,7/1/2007,1.2
A006RY2,7/1/2007,0.57
A007RY2,7/1/2007,0.22
A008RY2,7/1/2007,0.01
A009RY2,7/1/2007,0.23
B935RY2,7/1/2007,0.02
B985RY2,7/1/2007,0.04
A937RY2,7/1/2007,0.09
A680RY2,7/1/2007,0.08
A681RY2,7/1/2007,0.12
A862RY2,7/1/2007,0.11
A011RY2,7/1/2007,0.21
A014RY2,7/1/2007,0.35
B018RY2,7/1/2007,0.09
A015RY2,7/1/2007,0.45
A019RY2,7/1/2007,0.46
A020RY2,7/1/2007,0.41
A253RY2,7/1/2007,0.81
A646RY2,7/1/2007,0.4
A021RY2,7/1/2007,0.87
A255RY2,7/1/2007,0.91
A656RY2,7/1/2007,0.04
A822RY2,7/1/2007,0.17
A823RY2,7/1/2007,0.07
A824RY2,7/1/2007,0.02
A997RY2,7/1/2007,0.04
A788RY2,7/1/2007,0.06
A825RY2,7/1/2007,0.1
A542RY2,7/1/2007,0.06
A798RY2,7/1/2007,0.04
A829RY2,7/1/2007,0.24
A991RY2,7/1/2007,0.14
A799RY2,7/1/2007,0.1
A191RL1,10/1/2007,0.8
A006RY2,10/1/2007,0.2
A007RY2,10/1/2007,0.25
A008RY2,10/1/2007,0.09
A009RY2,10/1/2007,0.18
B935RY2,10/1/2007,0.02
B985RY2,10/1/2007,0.04
A937RY2,10/1/2007,0.16
A680RY2,10/1/2007,0.1
A681RY2,10/1/2007,0.16
A862RY2,10/1/2007,0.15
A011RY2,10/1/2007,0.35
A014RY2,10/1/2007,0.46
B018RY2,10/1/2007,0.11
A015RY2,10/1/2007,0.35
A019RY2,10/1/2007,1.81
A020RY2,10/1/2007,0.95
A253RY2,10/1/2007,0.51
A646RY2,10/1/2007,0.44
A021RY2,10/1/2007,0.87
A255RY2,10/1/2007,0.86
A656RY2,10/1/2007,0.01
A822RY2,10/1/2007,0.19
A823RY2,10/1/2007,0.14
A824RY2,10/1/2007,0.06
A997RY2,10/1/2007,0.03
A788RY2,10/1/2007,0.09
A825RY2,10/1/2007,0.08
A542RY2,10/1/2007,0.08
A798RY2,10/1/2007,0
A829RY2,10/1/2007,0.34
A991RY2,10/1/2007,0.16
A799RY2,10/1/2007,0.17
A191RL1,1/1/2008,3.3
A006RY2,1/1/2008,1.66
A007RY2,1/1/2008,0.19
A008RY2,1/1/2008,0.28
A009RY2,1/1/2008,0.29
B935RY2,1/1/2008,0.01
B985RY2,1/1/2008,0.08
A937RY2,1/1/2008,0.15
A680RY2,1/1/2008,0.15
A681RY2,1/1/2008,0.18
A862RY2,1/1/2008,0.02
A011RY2,1/1/2008,0.08
A014RY2,1/1/2008,1.86
B018RY2,1/1/2008,0.03
A015RY2,1/1/2008,1.88
A019RY2,1/1/2008,0.33
A020RY2,1/1/2008,0.1
A253RY2,1/1/2008,0.38
A646RY2,1/1/2008,0.48
A021RY2,1/1/2008,0.23
A255RY2,1/1/2008,0.01
A656RY2,1/1/2008,0.24
A822RY2,1/1/2008,0.07
A823RY2,1/1/2008,0.15
A824RY2,1/1/2008,0.04
A997RY2,1/1/2008,0
A788RY2,1/1/2008,0.03
A825RY2,1/1/2008,0.11
A542RY2,1/1/2008,0.11
A798RY2,1/1/2008,0.01
A829RY2,1/1/2008,0.22
A991RY2,1/1/2008,0.35
A799RY2,1/1/2008,0.13
A191RL1,4/1/2008,0.1
A006RY2,4/1/2008,1.07
A007RY2,4/1/2008,0.62
A008RY2,4/1/2008,0.56
A009RY2,4/1/2008,0.27
B935RY2,4/1/2008,0.05
B985RY2,4/1/2008,0.05
A937RY2,4/1/2008,0.23
A680RY2,4/1/2008,0.13
A681RY2,4/1/2008,0.04
A862RY2,4/1/2008,0.08
A011RY2,4/1/2008,0.05
A014RY2,4/1/2008,1.68
B018RY2,4/1/2008,0.39
A015RY2,4/1/2008,1.3
A019RY2,4/1/2008,0.31
A020RY2,4/1/2008,0.33
A253RY2,4/1/2008,0.05
A646RY2,4/1/2008,0.28
A021RY2,4/1/2008,0.64
A255RY2,4/1/2008,0.48
A656RY2,4/1/2008,0.16
A822RY2,4/1/2008,0.05
A823RY2,4/1/2008,0.08
A824RY2,4/1/2008,0.02
A997RY2,4/1/2008,0.07
A788RY2,4/1/2008,0.1
A825RY2,4/1/2008,0.05
A542RY2,4/1/2008,0.04
A798RY2,4/1/2008,0.01
A829RY2,4/1/2008,0.13
A991RY2,4/1/2008,0.16
A799RY2,4/1/2008,0.03
A191RL1,7/1/2008,1.6
A006RY2,7/1/2008,1.59
A007RY2,7/1/2008,1.29
A008RY2,7/1/2008,1.31
A009RY2,7/1/2008,0.4
B935RY2,7/1/2008,0.08
B985RY2,7/1/2008,0.04
A937RY2,7/1/2008,0.32
A680RY2,7/1/2008,0.04
A681RY2,7/1/2008,0.14
A862RY2,7/1/2008,0.23
A011RY2,7/1/2008,0.01
A014RY2,7/1/2008,0.3
B018RY2,7/1/2008,0.17
A015RY2,7/1/2008,0.46
A019RY2,7/1/2008,0.36
A020RY2,7/1/2008,1.47
A253RY2,7/1/2008,0.91
A646RY2,7/1/2008,0.54
A021RY2,7/1/2008,1.11
A255RY2,7/1/2008,1.07
A656RY2,7/1/2008,0.04
A822RY2,7/1/2008,0.02
A823RY2,7/1/2008,0.06
A824RY2,7/1/2008,0.01
A997RY2,7/1/2008,0.01
A788RY2,7/1/2008,0.02
A825RY2,7/1/2008,0.05
A542RY2,7/1/2008,0.09
A798RY2,7/1/2008,0.04
A829RY2,7/1/2008,0.04
A991RY2,7/1/2008,0.04
A799RY2,7/1/2008,0
A191RL1,10/1/2008,4.4
A006RY2,10/1/2008,3.94
A007RY2,10/1/2008,1.17
A008RY2,10/1/2008,0.74
A009RY2,10/1/2008,0.28
B935RY2,10/1/2008,0.01
B985RY2,10/1/2008,0.06
A937RY2,10/1/2008,0.13
A680RY2,10/1/2008,0.03
A681RY2,10/1/2008,0.16
A862RY2,10/1/2008,0.14
A011RY2,10/1/2008,0.44
A014RY2,10/1/2008,2.77
B018RY2,10/1/2008,0.04
A015RY2,10/1/2008,2.73
A019RY2,10/1/2008,0.06
A020RY2,10/1/2008,0.16
A253RY2,10/1/2008,0.13
A646RY2,10/1/2008,0.02
A021RY2,10/1/2008,0.1
A255RY2,10/1/2008,0.07
A656RY2,10/1/2008,0.16
A822RY2,10/1/2008,0.18
A823RY2,10/1/2008,0.12
A824RY2,10/1/2008,0.18
A997RY2,10/1/2008,0.13
A788RY2,10/1/2008,0.04
A825RY2,10/1/2008,0.05
A542RY2,10/1/2008,0.06
A798RY2,10/1/2008,0.11
A829RY2,10/1/2008,0.06
A991RY2,10/1/2008,0.18
A799RY2,10/1/2008,0.12
A191RL1,1/1/2009,0.7
A006RY2,1/1/2009,1.81
A007RY2,1/1/2009,1.29
A008RY2,1/1/2009,1.1
A009RY2,1/1/2009,1.03
B935RY2,1/1/2009,0.13
B985RY2,1/1/2009,0.24
A937RY2,1/1/2009,0.05
A680RY2,1/1/2009,0.03
A681RY2,1/1/2009,0.31
A862RY2,1/1/2009,0.11
A011RY2,1/1/2009,0.19
A014RY2,1/1/2009,0.53
B018RY2,1/1/2009,0.14
A015RY2,1/1/2009,0.67
A019RY2,1/1/2009,0.31
A020RY2,1/1/2009,0.44
A253RY2,1/1/2009,0.53
A646RY2,1/1/2009,0.09
A021RY2,1/1/2009,0.13
A255RY2,1/1/2009,0.58
A656RY2,1/1/2009,0.46
A822RY2,1/1/2009,0.96
A823RY2,1/1/2009,0.08
A824RY2,1/1/2009,0.1
A997RY2,1/1/2009,0.01
A788RY2,1/1/2009,0.1
A825RY2,1/1/2009,0.18
A542RY2,1/1/2009,0.08
A798RY2,1/1/2009,0.1
A829RY2,1/1/2009,0.88
A991RY2,1/1/2009,0.44
A799RY2,1/1/2009,0.44
A191RL1,4/1/2009,0.5
DPCERY2,4/1/2009,0.31
DGDSRY2,4/1/2009,0.33
DDURRY2,4/1/2009,0.36
DMOTRY2,4/1/2009,0.31
DFDHRY2,4/1/2009,0.03
DREQRY2,4/1/2009,0.01
DODGRY2,4/1/2009,0.04
DNDGRY2,4/1/2009,0.03
DFXARY2,4/1/2009,0.09
DCLORY2,4/1/2009,0
DGOERY2,4/1/2009,0.14
DONGRY2,4/1/2009,0.19
DSERRY2,4/1/2009,0.64
DHCERY2,4/1/2009,0.61
DHUTRY2,4/1/2009,0.22
DHLCRY2,4/1/2009,0.11
DTRSRY2,4/1/2009,0.15
DRCARY2,4/1/2009,0.08
DFSARY2,4/1/2009,0.07
DIFSRY2,4/1/2009,0.28
DOTSRY2,4/1/2009,0.37
DNPIRY2,4/1/2009,0.03
DNPERY2,4/1/2009,0.14
DNPSRY2,4/1/2009,0.17
A006RY2,4/1/2009,0.61
A007RY2,4/1/2009,0.31
A008RY2,4/1/2009,0.52
A009RY2,4/1/2009,0.69
B935RY2,4/1/2009,0.08
B985RY2,4/1/2009,0.29
A937RY2,4/1/2009,0.1
A680RY2,4/1/2009,0.05
A681RY2,4/1/2009,0.16
A862RY2,4/1/2009,0.02
A011RY2,4/1/2009,0.22
A014RY2,4/1/2009,0.29
B018RY2,4/1/2009,0.08
A015RY2,4/1/2009,0.22
A019RY2,4/1/2009,0.96
A020RY2,4/1/2009,0.9
A253RY2,4/1/2009,0.51
A646RY2,4/1/2009,0.4
A021RY2,4/1/2009,0.06
A255RY2,4/1/2009,0.3
A656RY2,4/1/2009,0.23
A822RY2,4/1/2009,0.44
A823RY2,4/1/2009,0.27
A824RY2,4/1/2009,0.2
A997RY2,4/1/2009,0.18
A788RY2,4/1/2009,0.03
A825RY2,4/1/2009,0.06
A542RY2,4/1/2009,0.05
A798RY2,4/1/2009,0.01
A829RY2,4/1/2009,0.17
A991RY2,4/1/2009,0.3
A799RY2,4/1/2009,0.13
A191RL1,7/1/2009,2.2
DPCERY2,7/1/2009,0.68
DGDSRY2,7/1/2009,0.22
DDURRY2,7/1/2009,0.12
DMOTRY2,7/1/2009,0.08
DFDHRY2,7/1/2009,0.03
DREQRY2,7/1/2009,0.02
DODGRY2,7/1/2009,0.03
DNDGRY2,7/1/2009,0.09
DFXARY2,7/1/2009,0.14
DCLORY2,7/1/2009,0.12
DGOERY2,7/1/2009,0.11
DONGRY2,7/1/2009,0.03
DSERRY2,7/1/2009,0.46
DHCERY2,7/1/2009,0.53
DHUTRY2,7/1/2009,0.06
DHLCRY2,7/1/2009,0.09
DTRSRY2,7/1/2009,0.19
DRCARY2,7/1/2009,0.04
DFSARY2,7/1/2009,0.05
DIFSRY2,7/1/2009,0.2
DOTSRY2,7/1/2009,0.08
DNPIRY2,7/1/2009,0.07
DNPERY2,7/1/2009,0.08
DNPSRY2,7/1/2009,0.02
A006RY2,7/1/2009,1.62
A007RY2,7/1/2009,0.3
A008RY2,7/1/2009,0.3
A009RY2,7/1/2009,0.52
B935RY2,7/1/2009,0.11
B985RY2,7/1/2009,0.08
A937RY2,7/1/2009,0.16
A680RY2,7/1/2009,0.02
A681RY2,7/1/2009,0.04
A862RY2,7/1/2009,0
A011RY2,7/1/2009,0.01
A014RY2,7/1/2009,1.32
B018RY2,7/1/2009,0.12
A015RY2,7/1/2009,1.2
A019RY2,7/1/2009,0.08
A020RY2,7/1/2009,0.04
A253RY2,7/1/2009,0.03
A646RY2,7/1/2009,0.01
A021RY2,7/1/2009,0.03
A255RY2,7/1/2009,0.01
A656RY2,7/1/2009,0.03
A822RY2,7/1/2009,0
A823RY2,7/1/2009,0.15
A824RY2,7/1/2009,0.01
A997RY2,7/1/2009,0.02
A788RY2,7/1/2009,0
A825RY2,7/1/2009,0.16
A542RY2,7/1/2009,0.21
A798RY2,7/1/2009,0.05
A829RY2,7/1/2009,0.15
A991RY2,7/1/2009,0.25
A799RY2,7/1/2009,0.1
A191RL1,10/1/2009,1.8
DPCERY2,10/1/2009,1.45
DGDSRY2,10/1/2009,0.82
DDURRY2,10/1/2009,0.46
DMOTRY2,10/1/2009,0.35
DFDHRY2,10/1/2009,0.05
DREQRY2,10/1/2009,0.05
DODGRY2,10/1/2009,0.01
DNDGRY2,10/1/2009,0.36
DFXARY2,10/1/2009,0.02
DCLORY2,10/1/2009,0.09
DGOERY2,10/1/2009,0.04
DONGRY2,10/1/2009,0.2
DSERRY2,10/1/2009,0.64
DHCERY2,10/1/2009,0.71
DHUTRY2,10/1/2009,0.18
DHLCRY2,10/1/2009,0.3
DTRSRY2,10/1/2009,0.1
DRCARY2,10/1/2009,0.06
DFSARY2,10/1/2009,0.01
DIFSRY2,10/1/2009,0.27
DOTSRY2,10/1/2009,0.07
DNPIRY2,10/1/2009,0.07
DNPERY2,10/1/2009,0.09
DNPSRY2,10/1/2009,0.16
A006RY2,10/1/2009,0.23
A007RY2,10/1/2009,0.79
A008RY2,10/1/2009,0.66
A009RY2,10/1/2009,0.46
B935RY2,10/1/2009,0.08
B985RY2,10/1/2009,0.02
A937RY2,10/1/2009,0.17
A680RY2,10/1/2009,0.02
A681RY2,10/1/2009,0.11
A862RY2,10/1/2009,0.02
A011RY2,10/1/2009,0.13
A014RY2,10/1/2009,1.01
B018RY2,10/1/2009,0.32
A015RY2,10/1/2009,0.69
A019RY2,10/1/2009,0.44
A020RY2,10/1/2009,0.63
A253RY2,10/1/2009,0.09
A646RY2,10/1/2009,0.54
A021RY2,10/1/2009,1.06
A255RY2,10/1/2009,0.78
A656RY2,10/1/2009,0.28
A822RY2,10/1/2009,0.15
A823RY2,10/1/2009,0
A824RY2,10/1/2009,0.12
A997RY2,10/1/2009,0.05
A788RY2,10/1/2009,0.07
A825RY2,10/1/2009,0.12
A542RY2,10/1/2009,0.18
A798RY2,10/1/2009,0.07
A829RY2,10/1/2009,0.15
A991RY2,10/1/2009,0.08
A799RY2,10/1/2009,0.23
A191RL1,1/1/2010,1.5
DPCERY2,1/1/2010,1.09
DGDSRY2,1/1/2010,0.52
DDURRY2,1/1/2010,0.42
DMOTRY2,1/1/2010,0.08
DFDHRY2,1/1/2010,0.07
DREQRY2,1/1/2010,0.11
DODGRY2,1/1/2010,0.16
DNDGRY2,1/1/2010,0.1
DFXARY2,1/1/2010,0.01
DCLORY2,1/1/2010,0.04
DGOERY2,1/1/2010,0.03
DONGRY2,1/1/2010,0.05
DSERRY2,1/1/2010,0.58
DHCERY2,1/1/2010,0.43
DHUTRY2,1/1/2010,0.14
DHLCRY2,1/1/2010,0.37
DTRSRY2,1/1/2010,0.01
DRCARY2,1/1/2010,0
DFSARY2,1/1/2010,0.19
DIFSRY2,1/1/2010,0.25
DOTSRY2,1/1/2010,0.01
DNPIRY2,1/1/2010,0.15
DNPERY2,1/1/2010,0.27
DNPSRY2,1/1/2010,0.13
A006RY2,1/1/2010,0.1
A007RY2,1/1/2010,0.01
A008RY2,1/1/2010,0.08
A009RY2,1/1/2010,0.29
B935RY2,1/1/2010,0.12
B985RY2,1/1/2010,0.51
A937RY2,1/1/2010,0.06
A680RY2,1/1/2010,0.09
A681RY2,1/1/2010,0.86
A862RY2,1/1/2010,0.08
A011RY2,1/1/2010,0.06
A014RY2,1/1/2010,0.09
B018RY2,1/1/2010,0.12
A015RY2,1/1/2010,0.21
A019RY2,1/1/2010,0.24
A020RY2,1/1/2010,0.05
A253RY2,1/1/2010,0.39
A646RY2,1/1/2010,0.35
A021RY2,1/1/2010,0.27
A255RY2,1/1/2010,0.49
A656RY2,1/1/2010,0.22
A822RY2,1/1/2010,0.26
A823RY2,1/1/2010,0.21
A824RY2,1/1/2010,0.18
A997RY2,1/1/2010,0.08
A788RY2,1/1/2010,0.1
A825RY2,1/1/2010,0.39
A542RY2,1/1/2010,0.31
A798RY2,1/1/2010,0.08
A829RY2,1/1/2010,0.47
A991RY2,1/1/2010,0.58
A799RY2,1/1/2010,0.1
A191RL1,4/1/2010,1.5
DPCERY2,4/1/2010,1.08
DGDSRY2,4/1/2010,0.35
DDURRY2,4/1/2010,0.31
DMOTRY2,4/1/2010,0.18
DFDHRY2,4/1/2010,0.04
DREQRY2,4/1/2010,0.08
DODGRY2,4/1/2010,0.02
DNDGRY2,4/1/2010,0.04
DFXARY2,4/1/2010,0
DCLORY2,4/1/2010,0.01
DGOERY2,4/1/2010,0.08
DONGRY2,4/1/2010,0.03
DSERRY2,4/1/2010,0.73
DHCERY2,4/1/2010,0.74
DHUTRY2,4/1/2010,0.07
DHLCRY2,4/1/2010,0.33
DTRSRY2,4/1/2010,0.06
DRCARY2,4/1/2010,0.06
DFSARY2,4/1/2010,0.02
DIFSRY2,4/1/2010,0.24
DOTSRY2,4/1/2010,0.06
DNPIRY2,4/1/2010,0
DNPERY2,4/1/2010,0.22
DNPSRY2,4/1/2010,0.22
A006RY2,4/1/2010,0.28
A007RY2,4/1/2010,0.33
A008RY2,4/1/2010,0.29
A009RY2,4/1/2010,0.13
B935RY2,4/1/2010,0.3
B985RY2,4/1/2010,0.27
A937RY2,4/1/2010,0.02
A680RY2,4/1/2010,0.22
A681RY2,4/1/2010,0.23
A862RY2,4/1/2010,0.09
A011RY2,4/1/2010,0.03
A014RY2,4/1/2010,0.04
B018RY2,4/1/2010,0.18
A015RY2,4/1/2010,0.21
A019RY2,4/1/2010,1.01
A020RY2,4/1/2010,0.1
A253RY2,4/1/2010,0.27
A646RY2,4/1/2010,0.17
A021RY2,4/1/2010,1.1
A255RY2,4/1/2010,1.22
A656RY2,4/1/2010,0.11
A822RY2,4/1/2010,0.27
A823RY2,4/1/2010,0.01
A824RY2,4/1/2010,0.06
A997RY2,4/1/2010,0.02
A788RY2,4/1/2010,0.04
A825RY2,4/1/2010,0.04
A542RY2,4/1/2010,0
A798RY2,4/1/2010,0.04
A829RY2,4/1/2010,0.26
A991RY2,4/1/2010,0.28
A799RY2,4/1/2010,0.01
A191RL1,7/1/2010,0.7
DPCERY2,7/1/2010,0.02
DGDSRY2,7/1/2010,0.2
DDURRY2,7/1/2010,0.02
DMOTRY2,7/1/2010,0.14
DFDHRY2,7/1/2010,0.07
DREQRY2,7/1/2010,0.09
DODGRY2,7/1/2010,0.04
DNDGRY2,7/1/2010,0.18
DFXARY2,7/1/2010,0.11
DCLORY2,7/1/2010,0.05
DGOERY2,7/1/2010,0.22
DONGRY2,7/1/2010,0.03
DSERRY2,7/1/2010,0.23
DHCERY2,7/1/2010,0.04
DHUTRY2,7/1/2010,0.15
DHLCRY2,7/1/2010,0.14
DTRSRY2,7/1/2010,0.03
DRCARY2,7/1/2010,0.02
DFSARY2,7/1/2010,0.05
DIFSRY2,7/1/2010,0.15
DOTSRY2,7/1/2010,0.12
DNPIRY2,7/1/2010,0.19
DNPERY2,7/1/2010,0.09
DNPSRY2,7/1/2010,0.1
A006RY2,7/1/2010,0.32
A007RY2,7/1/2010,0.14
A008RY2,7/1/2010,0.01
A009RY2,7/1/2010,0.25
B935RY2,7/1/2010,0.06
B985RY2,7/1/2010,0.1
A937RY2,7/1/2010,0.12
A680RY2,7/1/2010,0.04
A681RY2,7/1/2010,0.26
A862RY2,7/1/2010,0.11
A011RY2,7/1/2010,0.14
A014RY2,7/1/2010,0.46
B018RY2,7/1/2010,0.04
A015RY2,7/1/2010,0.5
A019RY2,7/1/2010,1.18
A020RY2,7/1/2010,0.77
A253RY2,7/1/2010,0.43
A646RY2,7/1/2010,0.33
A021RY2,7/1/2010,0.41
A255RY2,7/1/2010,0.37
A656RY2,7/1/2010,0.05
A822RY2,7/1/2010,0.75
A823RY2,7/1/2010,0.39
A824RY2,7/1/2010,0.05
A997RY2,7/1/2010,0.05
A788RY2,7/1/2010,0
A825RY2,7/1/2010,0.34
A542RY2,7/1/2010,0.3
A798RY2,7/1/2010,0.04
A829RY2,7/1/2010,0.36
A991RY2,7/1/2010,0.26
A799RY2,7/1/2010,0.1
A191RL1,10/1/2010,0.7
DPCERY2,10/1/2010,0.25
DGDSRY2,10/1/2010,0.6
DDURRY2,10/1/2010,0.6
DMOTRY2,10/1/2010,0.44
DFDHRY2,10/1/2010,0.06
DREQRY2,10/1/2010,0.16
DODGRY2,10/1/2010,0.06
DNDGRY2,10/1/2010,0
DFXARY2,10/1/2010,0.05
DCLORY2,10/1/2010,0.04
DGOERY2,10/1/2010,0.04
DONGRY2,10/1/2010,0.04
DSERRY2,10/1/2010,0.36
DHCERY2,10/1/2010,0.44
DHUTRY2,10/1/2010,0.2
DHLCRY2,10/1/2010,0.1
DTRSRY2,10/1/2010,0
DRCARY2,10/1/2010,0.09
DFSARY2,10/1/2010,0.03
DIFSRY2,10/1/2010,0.04
DOTSRY2,10/1/2010,0.04
DNPIRY2,10/1/2010,0.09
DNPERY2,10/1/2010,0.07
DNPSRY2,10/1/2010,0.03
A006RY2,10/1/2010,2.69
A007RY2,10/1/2010,0.63
A008RY2,10/1/2010,0.51
A009RY2,10/1/2010,0.16
B935RY2,10/1/2010,0.21
B985RY2,10/1/2010,0.07
A937RY2,10/1/2010,0.07
A680RY2,10/1/2010,0.01
A681RY2,10/1/2010,0.33
A862RY2,10/1/2010,0.12
A011RY2,10/1/2010,0.11
A014RY2,10/1/2010,2.07
B018RY2,10/1/2010,0.08
A015RY2,10/1/2010,1.98
A019RY2,10/1/2010,2.32
A020RY2,10/1/2010,0.49
A253RY2,10/1/2010,0.14
A646RY2,10/1/2010,0.35
A021RY2,10/1/2010,2.81
A255RY2,10/1/2010,2.65
A656RY2,10/1/2010,0.16
A822RY2,10/1/2010,0.76
A823RY2,10/1/2010,0.22
A824RY2,10/1/2010,0.08
A997RY2,10/1/2010,0.07
A788RY2,10/1/2010,0.15
A825RY2,10/1/2010,0.14
A542RY2,10/1/2010,0.09
A798RY2,10/1/2010,0.05
A829RY2,10/1/2010,0.53
A991RY2,10/1/2010,0.27
A799RY2,10/1/2010,0.26
A191RL1,1/1/2011,3.3
DPCERY2,1/1/2011,0.53
DGDSRY2,1/1/2011,0.46
DDURRY2,1/1/2011,0.41
DMOTRY2,1/1/2011,0.3
DFDHRY2,1/1/2011,0.05
DREQRY2,1/1/2011,0.06
DODGRY2,1/1/2011,0
DNDGRY2,1/1/2011,0.05
DFXARY2,1/1/2011,0.01
DCLORY2,1/1/2011,0.04
DGOERY2,1/1/2011,0.05
DONGRY2,1/1/2011,0.06
DSERRY2,1/1/2011,0.08
DHCERY2,1/1/2011,0.1
DHUTRY2,1/1/2011,0.07
DHLCRY2,1/1/2011,0.09
DTRSRY2,1/1/2011,0.08
DRCARY2,1/1/2011,0.04
DFSARY2,1/1/2011,0.11
DIFSRY2,1/1/2011,0.17
DOTSRY2,1/1/2011,0.18
DNPIRY2,1/1/2011,0.02
DNPERY2,1/1/2011,0.18
DNPSRY2,1/1/2011,0.21
A006RY2,1/1/2011,2.08
A007RY2,1/1/2011,0.2
A008RY2,1/1/2011,0.27
A009RY2,1/1/2011,0.1
B935RY2,1/1/2011,0.05
B985RY2,1/1/2011,0.04
A937RY2,1/1/2011,0.15
A680RY2,1/1/2011,0.2
A681RY2,1/1/2011,0.02
A862RY2,1/1/2011,0.02
A011RY2,1/1/2011,0.07
A014RY2,1/1/2011,1.89
B018RY2,1/1/2011,0.37
A015RY2,1/1/2011,2.27
A019RY2,1/1/2011,0.16
A020RY2,1/1/2011,0.37
A253RY2,1/1/2011,0.46
A646RY2,1/1/2011,0.1
A021RY2,1/1/2011,0.21
A255RY2,1/1/2011,0.06
A656RY2,1/1/2011,0.14
A822RY2,1/1/2011,0.51
A823RY2,1/1/2011,0.27
A824RY2,1/1/2011,0.12
A997RY2,1/1/2011,0.1
A788RY2,1/1/2011,0.04
A825RY2,1/1/2011,0.14
A542RY2,1/1/2011,0.16
A798RY2,1/1/2011,0.02
A829RY2,1/1/2011,0.24
A991RY2,1/1/2011,0.33
A799RY2,1/1/2011,0.08
A191RL1,4/1/2011,1.6
DPCERY2,4/1/2011,0.5
DGDSRY2,4/1/2011,0.15
DDURRY2,4/1/2011,0.16
DMOTRY2,4/1/2011,0.13
DFDHRY2,4/1/2011,0.05
DREQRY2,4/1/2011,0.03
DODGRY2,4/1/2011,0
DNDGRY2,4/1/2011,0.01
DFXARY2,4/1/2011,0.05
DCLORY2,4/1/2011,0.05
DGOERY2,4/1/2011,0.07
DONGRY2,4/1/2011,0.07
DSERRY2,4/1/2011,0.35
DHCERY2,4/1/2011,0.33
DHUTRY2,4/1/2011,0.11
DHLCRY2,4/1/2011,0.06
DTRSRY2,4/1/2011,0.08
DRCARY2,4/1/2011,0.09
DFSARY2,4/1/2011,0.03
DIFSRY2,4/1/2011,0.1
DOTSRY2,4/1/2011,0.07
DNPIRY2,4/1/2011,0.02
DNPERY2,4/1/2011,0.04
DNPSRY2,4/1/2011,0.01
A006RY2,4/1/2011,1.27
A007RY2,4/1/2011,0.41
A008RY2,4/1/2011,0.36
A009RY2,4/1/2011,0.43
B935RY2,4/1/2011,0.16
B985RY2,4/1/2011,0
A937RY2,4/1/2011,0.08
A680RY2,4/1/2011,0.18
A681RY2,4/1/2011,0.19
A862RY2,4/1/2011,0.07
A011RY2,4/1/2011,0.05
A014RY2,4/1/2011,0.86
B018RY2,4/1/2011,0.01
A015RY2,4/1/2011,0.87
A019RY2,4/1/2011,0.27
A020RY2,4/1/2011,0.01
A253RY2,4/1/2011,0.2
A646RY2,4/1/2011,0.21
A021RY2,4/1/2011,0.28
A255RY2,4/1/2011,0.11
A656RY2,4/1/2011,0.39
A822RY2,4/1/2011,0.15
A823RY2,4/1/2011,0.04
A824RY2,4/1/2011,0.03
A997RY2,4/1/2011,0.15
A788RY2,4/1/2011,0.12
A825RY2,4/1/2011,0.01
A542RY2,4/1/2011,0.01
A798RY2,4/1/2011,0.02
A829RY2,4/1/2011,0.19
A991RY2,4/1/2011,0.02
A799RY2,4/1/2011,0.17
A191RL1,7/1/2011,1.7
DPCERY2,7/1/2011,0.52
DGDSRY2,7/1/2011,0.15
DDURRY2,7/1/2011,0.05
DMOTRY2,7/1/2011,0.11
DFDHRY2,7/1/2011,0.01
DREQRY2,7/1/2011,0.06
DODGRY2,7/1/2011,0.02
DNDGRY2,7/1/2011,0.21
DFXARY2,7/1/2011,0.1
DCLORY2,7/1/2011,0.06
DGOERY2,7/1/2011,0.11
DONGRY2,7/1/2011,0.07
DSERRY2,7/1/2011,0.38
DHCERY2,7/1/2011,0.6
DHUTRY2,7/1/2011,0.03
DHLCRY2,7/1/2011,0.64
DTRSRY2,7/1/2011,0.08
DRCARY2,7/1/2011,0.02
DFSARY2,7/1/2011,0.02
DIFSRY2,7/1/2011,0
DOTSRY2,7/1/2011,0.04
DNPIRY2,7/1/2011,0.23
DNPERY2,7/1/2011,0.41
DNPSRY2,7/1/2011,0.63
A006RY2,7/1/2011,0.37
A007RY2,7/1/2011,0.65
A008RY2,7/1/2011,0.52
A009RY2,7/1/2011,0.22
B935RY2,7/1/2011,0.02
B985RY2,7/1/2011,0.05
A937RY2,7/1/2011,0.12
A680RY2,7/1/2011,0.01
A681RY2,7/1/2011,0.18
A862RY2,7/1/2011,0.06
A011RY2,7/1/2011,0.14
A014RY2,7/1/2011,1.02
B018RY2,7/1/2011,0.15
A015RY2,7/1/2011,1.17
A019RY2,7/1/2011,0.21
A020RY2,7/1/2011,0.02
A253RY2,7/1/2011,0.13
A646RY2,7/1/2011,0.15
A021RY2,7/1/2011,0.22
A255RY2,7/1/2011,0.05
A656RY2,7/1/2011,0.17
A822RY2,7/1/2011,0.52
A823RY2,7/1/2011,0.51
A824RY2,7/1/2011,0.15
A997RY2,7/1/2011,0.03
A788RY2,7/1/2011,0.13
A825RY2,7/1/2011,0.35
A542RY2,7/1/2011,0.31
A798RY2,7/1/2011,0.04
A829RY2,7/1/2011,0.01
A991RY2,7/1/2011,0.13
A799RY2,7/1/2011,0.14
A191RL1,10/1/2011,1.8
DPCERY2,10/1/2011,0.51
DGDSRY2,10/1/2011,0.44
DDURRY2,10/1/2011,0.24
DMOTRY2,10/1/2011,0.31
DFDHRY2,10/1/2011,0
DREQRY2,10/1/2011,0.02
DODGRY2,10/1/2011,0.04
DNDGRY2,10/1/2011,0.19
DFXARY2,10/1/2011,0.06
DCLORY2,10/1/2011,0
DGOERY2,10/1/2011,0.04
DONGRY2,10/1/2011,0.1
DSERRY2,10/1/2011,0.06
DHCERY2,10/1/2011,0.14
DHUTRY2,10/1/2011,0.26
DHLCRY2,10/1/2011,0.38
DTRSRY2,10/1/2011,0.01
DRCARY2,10/1/2011,0.06
DFSARY2,10/1/2011,0.2
DIFSRY2,10/1/2011,0.14
DOTSRY2,10/1/2011,0.1
DNPIRY2,10/1/2011,0.21
DNPERY2,10/1/2011,0.1
DNPSRY2,10/1/2011,0.3
A006RY2,10/1/2011,1.81
A007RY2,10/1/2011,0.95
A008RY2,10/1/2011,0.9
A009RY2,10/1/2011,0.55
B935RY2,10/1/2011,0.2
B985RY2,10/1/2011,0.05
A937RY2,10/1/2011,0.03
A680RY2,10/1/2011,0.04
A681RY2,10/1/2011,0.41
A862RY2,10/1/2011,0.08
A011RY2,10/1/2011,0.05
A014RY2,10/1/2011,0.86
B018RY2,10/1/2011,0.01
A015RY2,10/1/2011,0.85
A019RY2,10/1/2011,0.1
A020RY2,10/1/2011,0.08
A253RY2,10/1/2011,0.28
A646RY2,10/1/2011,0.36
A021RY2,10/1/2011,0.01
A255RY2,10/1/2011,0.16
A656RY2,10/1/2011,0.15
A822RY2,10/1/2011,0.62
A823RY2,10/1/2011,0.41
A824RY2,10/1/2011,0.2
A997RY2,10/1/2011,0.05
A788RY2,10/1/2011,0.15
A825RY2,10/1/2011,0.21
A542RY2,10/1/2011,0.19
A798RY2,10/1/2011,0.01
A829RY2,10/1/2011,0.22
A991RY2,10/1/2011,0.23
A799RY2,10/1/2011,0.02
A191RL1,1/1/2012,0.5
DPCERY2,1/1/2012,0.41
DGDSRY2,1/1/2012,0.36
DDURRY2,1/1/2012,0.34
DMOTRY2,1/1/2012,0.4
DFDHRY2,1/1/2012,0.04
DREQRY2,1/1/2012,0.18
DODGRY2,1/1/2012,0.08
DNDGRY2,1/1/2012,0.03
DFXARY2,1/1/2012,0.02
DCLORY2,1/1/2012,0.01
DGOERY2,1/1/2012,0.03
DONGRY2,1/1/2012,0.03
DSERRY2,1/1/2012,0.05
DHCERY2,1/1/2012,0.11
DHUTRY2,1/1/2012,0.19
DHLCRY2,1/1/2012,0.52
DTRSRY2,1/1/2012,0.11
DRCARY2,1/1/2012,0.06
DFSARY2,1/1/2012,0.01
DIFSRY2,1/1/2012,0.48
DOTSRY2,1/1/2012,0.22
DNPIRY2,1/1/2012,0.06
DNPERY2,1/1/2012,0.27
DNPSRY2,1/1/2012,0.23
A006RY2,1/1/2012,0.7
A007RY2,1/1/2012,1.82
A008RY2,1/1/2012,1.59
A009RY2,1/1/2012,0.83
B935RY2,1/1/2012,0.26
B985RY2,1/1/2012,0.13
A937RY2,1/1/2012,0.24
A680RY2,1/1/2012,0.12
A681RY2,1/1/2012,0.04
A862RY2,1/1/2012,0.26
A011RY2,1/1/2012,0.23
A014RY2,1/1/2012,1.12
B018RY2,1/1/2012,0.3
A015RY2,1/1/2012,0.82
A019RY2,1/1/2012,0.01
A020RY2,1/1/2012,0.36
A253RY2,1/1/2012,0.21
A646RY2,1/1/2012,0.15
A021RY2,1/1/2012,0.34
A255RY2,1/1/2012,0.09
A656RY2,1/1/2012,0.25
A822RY2,1/1/2012,0.2
A823RY2,1/1/2012,0.43
A824RY2,1/1/2012,0.24
A997RY2,1/1/2012,0.28
A788RY2,1/1/2012,0.03
A825RY2,1/1/2012,0.17
A542RY2,1/1/2012,0.18
A798RY2,1/1/2012,0.01
A829RY2,1/1/2012,0.22
A991RY2,1/1/2012,0.05
A799RY2,1/1/2012,0.16
A191RL1,4/1/2012,0.4
DPCERY2,4/1/2012,0.6
DGDSRY2,4/1/2012,0.08
DDURRY2,4/1/2012,0.28
DMOTRY2,4/1/2012,0.34
DFDHRY2,4/1/2012,0.04
DREQRY2,4/1/2012,0.05
DODGRY2,4/1/2012,0.07
DNDGRY2,4/1/2012,0.19
DFXARY2,4/1/2012,0.04
DCLORY2,4/1/2012,0.01
DGOERY2,4/1/2012,0.16
DONGRY2,4/1/2012,0.06
DSERRY2,4/1/2012,0.67
DHCERY2,4/1/2012,0.92
DHUTRY2,4/1/2012,0.05
DHLCRY2,4/1/2012,0.33
DTRSRY2,4/1/2012,0.14
DRCARY2,4/1/2012,0.12
DFSARY2,4/1/2012,0.04
DIFSRY2,4/1/2012,0.8
DOTSRY2,4/1/2012,0.16
DNPIRY2,4/1/2012,0.25
DNPERY2,4/1/2012,0.15
DNPSRY2,4/1/2012,0.39
A006RY2,4/1/2012,0.45
A007RY2,4/1/2012,0.22
A008RY2,4/1/2012,0.34
A009RY2,4/1/2012,0.24
B935RY2,4/1/2012,0.02
B985RY2,4/1/2012,0.02
A937RY2,4/1/2012,0.02
A680RY2,4/1/2012,0.03
A681RY2,4/1/2012,0.01
A862RY2,4/1/2012,0.13
A011RY2,4/1/2012,0.12
A014RY2,4/1/2012,0.24
B018RY2,4/1/2012,0.16
A015RY2,4/1/2012,0.4
A019RY2,4/1/2012,0.59
A020RY2,4/1/2012,0.12
A253RY2,4/1/2012,0.14
A646RY2,4/1/2012,0.02
A021RY2,4/1/2012,0.71
A255RY2,4/1/2012,0.65
A656RY2,4/1/2012,0.06
A822RY2,4/1/2012,0.11
A823RY2,4/1/2012,0.21
A824RY2,4/1/2012,0.21
A997RY2,4/1/2012,0.07
A788RY2,4/1/2012,0.14
A825RY2,4/1/2012,0
A542RY2,4/1/2012,0.02
A798RY2,4/1/2012,0.02
A829RY2,4/1/2012,0.12
A991RY2,4/1/2012,0
A799RY2,4/1/2012,0.11
A191RL1,7/1/2012,1.5
DPCERY2,7/1/2012,0.7
DGDSRY2,7/1/2012,0.4
DDURRY2,7/1/2012,0.15
DMOTRY2,7/1/2012,0.03
DFDHRY2,7/1/2012,0.09
DREQRY2,7/1/2012,0.08
DODGRY2,7/1/2012,0.04
DNDGRY2,7/1/2012,0.26
DFXARY2,7/1/2012,0.05
DCLORY2,7/1/2012,0
DGOERY2,7/1/2012,0.03
DONGRY2,7/1/2012,0.18
DSERRY2,7/1/2012,0.29
DHCERY2,7/1/2012,0.12
DHUTRY2,7/1/2012,0.13
DHLCRY2,7/1/2012,0.3
DTRSRY2,7/1/2012,0.04
DRCARY2,7/1/2012,0.1
DFSARY2,7/1/2012,0.05
DIFSRY2,7/1/2012,0.29
DOTSRY2,7/1/2012,0.02
DNPIRY2,7/1/2012,0.17
DNPERY2,7/1/2012,0.25
DNPSRY2,7/1/2012,0.41
A006RY2,7/1/2012,0.25
A007RY2,7/1/2012,0.2
A008RY2,7/1/2012,0.14
A009RY2,7/1/2012,0.01
B935RY2,7/1/2012,0
B985RY2,7/1/2012,0.12
A937RY2,7/1/2012,0.04
A680RY2,7/1/2012,0.14
A681RY2,7/1/2012,0.03
A862RY2,7/1/2012,0.01
A011RY2,7/1/2012,0.06
A014RY2,7/1/2012,0.06
B018RY2,7/1/2012,0.13
A015RY2,7/1/2012,0.19
A019RY2,7/1/2012,0.34
A020RY2,7/1/2012,0.5
A253RY2,7/1/2012,0.55
A646RY2,7/1/2012,0.06
A021RY2,7/1/2012,0.14
A255RY2,7/1/2012,0.29
A656RY2,7/1/2012,0.14
A822RY2,7/1/2012,0.93
A823RY2,7/1/2012,0.68
A824RY2,7/1/2012,0.6
A997RY2,7/1/2012,0.54
A788RY2,7/1/2012,0.07
A825RY2,7/1/2012,0.08
A542RY2,7/1/2012,0.06
A798RY2,7/1/2012,0.03
A829RY2,7/1/2012,0.25
A991RY2,7/1/2012,0.04
A799RY2,7/1/2012,0.21
A191RL1,10/1/2012,0.2
DPCERY2,10/1/2012,0.74
DGDSRY2,10/1/2012,0.55
DDURRY2,10/1/2012,0.44
DMOTRY2,10/1/2012,0.4
DFDHRY2,10/1/2012,0.02
DREQRY2,10/1/2012,0.06
DODGRY2,10/1/2012,0
DNDGRY2,10/1/2012,0.11
DFXARY2,10/1/2012,0.06
DCLORY2,10/1/2012,0.07
DGOERY2,10/1/2012,0.08
DONGRY2,10/1/2012,0.02
DSERRY2,10/1/2012,0.19
DHCERY2,10/1/2012,0.41
DHUTRY2,10/1/2012,0.16
DHLCRY2,10/1/2012,0.27
DTRSRY2,10/1/2012,0.06
DRCARY2,10/1/2012,0.07
DFSARY2,10/1/2012,0.21
DIFSRY2,10/1/2012,0.25
DOTSRY2,10/1/2012,0.14
DNPIRY2,10/1/2012,0.22
DNPERY2,10/1/2012,0.21
DNPSRY2,10/1/2012,0.43
A006RY2,10/1/2012,0.43
A007RY2,10/1/2012,0.16
A008RY2,10/1/2012,0.37
A009RY2,10/1/2012,0.18
B935RY2,10/1/2012,0.14
B985RY2,10/1/2012,0.03
A937RY2,10/1/2012,0.05
A680RY2,10/1/2012,0.01
A681RY2,10/1/2012,0.06
A862RY2,10/1/2012,0.15
A011RY2,10/1/2012,0.21
A014RY2,10/1/2012,0.27
B018RY2,10/1/2012,0.04
A015RY2,10/1/2012,0.32
A019RY2,10/1/2012,0.83
A020RY2,10/1/2012,0.74
A253RY2,10/1/2012,0.43
A646RY2,10/1/2012,0.31
A021RY2,10/1/2012,0.09
A255RY2,10/1/2012,0.22
A656RY2,10/1/2012,0.13
A822RY2,10/1/2012,0.58
A823RY2,10/1/2012,0.8
A824RY2,10/1/2012,0.86
A997RY2,10/1/2012,1
A788RY2,10/1/2012,0.14
A825RY2,10/1/2012,0.07
A542RY2,10/1/2012,0.04
A798RY2,10/1/2012,0.02
A829RY2,10/1/2012,0.22
A991RY2,10/1/2012,0.01
A799RY2,10/1/2012,0.23
A191RL1,1/1/2013,0.6
DPCERY2,1/1/2013,0.5
DGDSRY2,1/1/2013,0.61
DDURRY2,1/1/2013,0.02
DMOTRY2,1/1/2013,0.04
DFDHRY2,1/1/2013,0.07
DREQRY2,1/1/2013,0.06
DODGRY2,1/1/2013,0.07
DNDGRY2,1/1/2013,0.59
DFXARY2,1/1/2013,0.1
DCLORY2,1/1/2013,0.09
DGOERY2,1/1/2013,0.27
DONGRY2,1/1/2013,0.12
DSERRY2,1/1/2013,1.1
DHCERY2,1/1/2013,1.04
DHUTRY2,1/1/2013,0.25
DHLCRY2,1/1/2013,0.37
DTRSRY2,1/1/2013,0.03
DRCARY2,1/1/2013,0.07
DFSARY2,1/1/2013,0.01
DIFSRY2,1/1/2013,0.08
DOTSRY2,1/1/2013,0.49
DNPIRY2,1/1/2013,0.07
DNPERY2,1/1/2013,0.12
DNPSRY2,1/1/2013,0.06
A006RY2,1/1/2013,0.51
A007RY2,1/1/2013,0.24
A008RY2,1/1/2013,0.29
A009RY2,1/1/2013,0.15
B935RY2,1/1/2013,0.03
B985RY2,1/1/2013,0.08
A937RY2,1/1/2013,0.08
A680RY2,1/1/2013,0.07
A681RY2,1/1/2013,0.23
A862RY2,1/1/2013,0.06
A011RY2,1/1/2013,0.05
A014RY2,1/1/2013,0.75
B018RY2,1/1/2013,0.25
A015RY2,1/1/2013,0.49
A019RY2,1/1/2013,0.49
A020RY2,1/1/2013,0.28
A253RY2,1/1/2013,0.31
A646RY2,1/1/2013,0.03
A021RY2,1/1/2013,0.77
A255RY2,1/1/2013,0.58
A656RY2,1/1/2013,0.19
A822RY2,1/1/2013,0.08
A823RY2,1/1/2013,0.1
A824RY2,1/1/2013,0.07
A997RY2,1/1/2013,0.08
A788RY2,1/1/2013,0.16
A825RY2,1/1/2013,0.18
A542RY2,1/1/2013,0.12
A798RY2,1/1/2013,0.06
A829RY2,1/1/2013,0.02
A991RY2,1/1/2013,0.02
A799RY2,1/1/2013,0.03
A191RL1,4/1/2013,0.6
DPCERY2,4/1/2013,0.26
DGDSRY2,4/1/2013,0.51
DDURRY2,4/1/2013,0.31
DMOTRY2,4/1/2013,0.01
DFDHRY2,4/1/2013,0.05
DREQRY2,4/1/2013,0.12
DODGRY2,4/1/2013,0.12
DNDGRY2,4/1/2013,0.2
DFXARY2,4/1/2013,0.02
DCLORY2,4/1/2013,0.1
DGOERY2,4/1/2013,0.03
DONGRY2,4/1/2013,0.04
DSERRY2,4/1/2013,0.25
DHCERY2,4/1/2013,0.09
DHUTRY2,4/1/2013,0.05
DHLCRY2,4/1/2013,0.14
DTRSRY2,4/1/2013,0.05
DRCARY2,4/1/2013,0.15
DFSARY2,4/1/2013,0.13
DIFSRY2,4/1/2013,0.04
DOTSRY2,4/1/2013,0.09
DNPIRY2,4/1/2013,0.17
DNPERY2,4/1/2013,0.27
DNPSRY2,4/1/2013,0.1
A006RY2,4/1/2013,0.56
A007RY2,4/1/2013,0.53
A008RY2,4/1/2013,0.41
A009RY2,4/1/2013,0.13
Y033RY2,4/1/2013,0.27
Y034RY2,4/1/2013,0.24
B935RY2,4/1/2013,0.04
A937RY2,4/1/2013,0.2
A680RY2,4/1/2013,0.12
A681RY2,4/1/2013,0.3
A862RY2,4/1/2013,0.22
Y001RY2,4/1/2013,0.28
B985RY2,4/1/2013,0.22
Y006RY2,4/1/2013,0.06
Y020RY2,4/1/2013,0
A011RY2,4/1/2013,0.11
A014RY2,4/1/2013,0.03
B018RY2,4/1/2013,0.02
A015RY2,4/1/2013,0.05
A019RY2,4/1/2013,0.57
A020RY2,4/1/2013,0.07
A253RY2,4/1/2013,0.18
A646RY2,4/1/2013,0.24
A021RY2,4/1/2013,0.62
A255RY2,4/1/2013,0.57
A656RY2,4/1/2013,0.06
A822RY2,4/1/2013,0.3
A823RY2,4/1/2013,0.31
A824RY2,4/1/2013,0.26
A997RY2,4/1/2013,0.03
A788RY2,4/1/2013,0.22
A825RY2,4/1/2013,0.07
A542RY2,4/1/2013,0.04
A798RY2,4/1/2013,0.03
A829RY2,4/1/2013,0.01
A991RY2,4/1/2013,0.04
A799RY2,4/1/2013,0.06
A191RL1,7/1/2013,0.2
DPCERY2,7/1/2013,0.13
DGDSRY2,7/1/2013,0.39
DDURRY2,7/1/2013,0.33
DMOTRY2,7/1/2013,0.2
DFDHRY2,7/1/2013,0.03
DREQRY2,7/1/2013,0.11
DODGRY2,7/1/2013,0.01
DNDGRY2,7/1/2013,0.06
DFXARY2,7/1/2013,0.02
DCLORY2,7/1/2013,0.02
DGOERY2,7/1/2013,0.08
DONGRY2,7/1/2013,0.12
DSERRY2,7/1/2013,0.52
DHCERY2,7/1/2013,0.46
DHUTRY2,7/1/2013,0.13
DHLCRY2,7/1/2013,0.14
DTRSRY2,7/1/2013,0.06
DRCARY2,7/1/2013,0.11
DFSARY2,7/1/2013,0.02
DIFSRY2,7/1/2013,0.02
DOTSRY2,7/1/2013,0.02
DNPIRY2,7/1/2013,0.05
DNPERY2,7/1/2013,0.04
DNPSRY2,7/1/2013,0.01
A006RY2,7/1/2013,0.62
A007RY2,7/1/2013,0.04
A008RY2,7/1/2013,0.24
A009RY2,7/1/2013,0.14
Y033RY2,7/1/2013,0.01
Y034RY2,7/1/2013,0.17
B935RY2,7/1/2013,0.06
A937RY2,7/1/2013,0.11
A680RY2,7/1/2013,0.18
A681RY2,7/1/2013,0.05
A862RY2,7/1/2013,0.04
Y001RY2,7/1/2013,0.11
B985RY2,7/1/2013,0.08
Y006RY2,7/1/2013,0.02
Y020RY2,7/1/2013,0.01
A011RY2,7/1/2013,0.28
A014RY2,7/1/2013,0.65
B018RY2,7/1/2013,0.02
A015RY2,7/1/2013,0.64
A019RY2,7/1/2013,0.15
A020RY2,7/1/2013,0.05
A253RY2,7/1/2013,0.13
A646RY2,7/1/2013,0.08
A021RY2,7/1/2013,0.09
A255RY2,7/1/2013,0.11
A656RY2,7/1/2013,0.02
A822RY2,7/1/2013,0.46
A823RY2,7/1/2013,0.31
A824RY2,7/1/2013,0.33
A997RY2,7/1/2013,0.35
A788RY2,7/1/2013,0.02
A825RY2,7/1/2013,0.03
A542RY2,7/1/2013,0.02
A798RY2,7/1/2013,0.01
A829RY2,7/1/2013,0.15
A991RY2,7/1/2013,0.04
A799RY2,7/1/2013,0.11
A191RL1,10/1/2013,0.6
DPCERY2,10/1/2013,0.1
DGDSRY2,10/1/2013,0.42
DDURRY2,10/1/2013,0.14
DMOTRY2,10/1/2013,0.04
DFDHRY2,10/1/2013,0.03
DREQRY2,10/1/2013,0.08
DODGRY2,10/1/2013,0.06
DNDGRY2,10/1/2013,0.28
DFXARY2,10/1/2013,0.09
DCLORY2,10/1/2013,0.15
DGOERY2,10/1/2013,0.01
DONGRY2,10/1/2013,0.04
DSERRY2,10/1/2013,0.52
DHCERY2,10/1/2013,0.41
DHUTRY2,10/1/2013,0.16
DHLCRY2,10/1/2013,0.2
DTRSRY2,10/1/2013,0.02
DRCARY2,10/1/2013,0.09
DFSARY2,10/1/2013,0.16
DIFSRY2,10/1/2013,0.01
DOTSRY2,10/1/2013,0.15
DNPIRY2,10/1/2013,0.09
DNPERY2,10/1/2013,0.15
DNPSRY2,10/1/2013,0.06
A006RY2,10/1/2013,0.15
A007RY2,10/1/2013,0.65
A008RY2,10/1/2013,0.59
A009RY2,10/1/2013,0.14
Y033RY2,10/1/2013,0.42
Y034RY2,10/1/2013,0.01
B935RY2,10/1/2013,0.04
A937RY2,10/1/2013,0.06
A680RY2,10/1/2013,0.02
A681RY2,10/1/2013,0.25
A862RY2,10/1/2013,0.18
Y001RY2,10/1/2013,0.01
B985RY2,10/1/2013,0.03
Y006RY2,10/1/2013,0.03
Y020RY2,10/1/2013,0.02
A011RY2,10/1/2013,0.06
A014RY2,10/1/2013,0.5
B018RY2,10/1/2013,0.06
A015RY2,10/1/2013,0.56
A019RY2,10/1/2013,0.07
A020RY2,10/1/2013,0.06
A253RY2,10/1/2013,0.03
A646RY2,10/1/2013,0.03
A021RY2,10/1/2013,0.01
A255RY2,10/1/2013,0.02
A656RY2,10/1/2013,0.03
A822RY2,10/1/2013,0.42
A823RY2,10/1/2013,0.49
A824RY2,10/1/2013,0.41
A997RY2,10/1/2013,0.27
A788RY2,10/1/2013,0.14
A825RY2,10/1/2013,0.07
A542RY2,10/1/2013,0.07
A798RY2,10/1/2013,0.01
A829RY2,10/1/2013,0.07
A991RY2,10/1/2013,0.04
A799RY2,10/1/2013,0.11
A191RL1,1/1/2014,1
DPCERY2,1/1/2014,1.19
DGDSRY2,1/1/2014,0.17
DDURRY2,1/1/2014,0.13
DMOTRY2,1/1/2014,0.08
DFDHRY2,1/1/2014,0.06
DREQRY2,1/1/2014,0.02
DODGRY2,1/1/2014,0.01
DNDGRY2,1/1/2014,0.04
DFXARY2,1/1/2014,0
DCLORY2,1/1/2014,0.03
DGOERY2,1/1/2014,0.04
DONGRY2,1/1/2014,0.05
DSERRY2,1/1/2014,1.35
DHCERY2,1/1/2014,1.34
DHUTRY2,1/1/2014,0.19
DHLCRY2,1/1/2014,1.35
DTRSRY2,1/1/2014,0.12
DRCARY2,1/1/2014,0.18
DFSARY2,1/1/2014,0.06
DIFSRY2,1/1/2014,0.35
DOTSRY2,1/1/2014,0.18
DNPIRY2,1/1/2014,0.01
DNPERY2,1/1/2014,0.87
DNPSRY2,1/1/2014,0.86
A006RY2,1/1/2014,0.63
A007RY2,1/1/2014,1.35
A008RY2,1/1/2014,1.25
A009RY2,1/1/2014,0.5
Y033RY2,1/1/2014,0.52
Y034RY2,1/1/2014,0.35
B935RY2,1/1/2014,0.08
A937RY2,1/1/2014,0.27
A680RY2,1/1/2014,0.13
A681RY2,1/1/2014,0.11
A862RY2,1/1/2014,0.08
Y001RY2,1/1/2014,0.24
B985RY2,1/1/2014,0.1
Y006RY2,1/1/2014,0.12
Y020RY2,1/1/2014,0.02
A011RY2,1/1/2014,0.09
A014RY2,1/1/2014,0.72
B018RY2,1/1/2014,0.28
A015RY2,1/1/2014,0.44
A019RY2,1/1/2014,0.56
A020RY2,1/1/2014,0.12
A253RY2,1/1/2014,0.25
A646RY2,1/1/2014,0.13
A021RY2,1/1/2014,0.68
A255RY2,1/1/2014,0.82
A656RY2,1/1/2014,0.15
A822RY2,1/1/2014,0.09
A823RY2,1/1/2014,0.03
A824RY2,1/1/2014,0.1
A997RY2,1/1/2014,0.14
A788RY2,1/1/2014,0.04
A825RY2,1/1/2014,0.07
A542RY2,1/1/2014,0.07
A798RY2,1/1/2014,0
A829RY2,1/1/2014,0.11
A991RY2,1/1/2014,0.02
A799RY2,1/1/2014,0.1
A191RL1,4/1/2014,0.6
DPCERY2,4/1/2014,0.91
DGDSRY2,4/1/2014,0.11
DDURRY2,4/1/2014,0.03
DMOTRY2,4/1/2014,0.01
DFDHRY2,4/1/2014,0
DREQRY2,4/1/2014,0
DODGRY2,4/1/2014,0.03
DNDGRY2,4/1/2014,0.13
DFXARY2,4/1/2014,0.07
DCLORY2,4/1/2014,0.01
DGOERY2,4/1/2014,0.04
DONGRY2,4/1/2014,0.02
DSERRY2,4/1/2014,0.8
DHCERY2,4/1/2014,0.92
DHUTRY2,4/1/2014,0.24
DHLCRY2,4/1/2014,0.55
DTRSRY2,4/1/2014,0.03
DRCARY2,4/1/2014,0.1
DFSARY2,4/1/2014,0.11
DIFSRY2,4/1/2014,0.02
DOTSRY2,4/1/2014,0.09
DNPIRY2,4/1/2014,0.12
DNPERY2,4/1/2014,0.31
DNPSRY2,4/1/2014,0.43
A006RY2,4/1/2014,0.58
A007RY2,4/1/2014,0.04
A008RY2,4/1/2014,0.12
A009RY2,4/1/2014,0.15
Y033RY2,4/1/2014,0.02
Y034RY2,4/1/2014,0.05
B935RY2,4/1/2014,0.02
A937RY2,4/1/2014,0.06
A680RY2,4/1/2014,0.06
A681RY2,4/1/2014,0.08
A862RY2,4/1/2014,0.01
Y001RY2,4/1/2014,0.05
B985RY2,4/1/2014,0.06
Y006RY2,4/1/2014,0.03
Y020RY2,4/1/2014,0.01
A011RY2,4/1/2014,0.08
A014RY2,4/1/2014,0.54
B018RY2,4/1/2014,0
A015RY2,4/1/2014,0.53
A019RY2,4/1/2014,0.37
A020RY2,4/1/2014,0.05
A253RY2,4/1/2014,0.05
A646RY2,4/1/2014,0.1
A021RY2,4/1/2014,0.33
A255RY2,4/1/2014,0.43
A656RY2,4/1/2014,0.1
A822RY2,4/1/2014,0.09
A823RY2,4/1/2014,0.03
A824RY2,4/1/2014,0.07
A997RY2,4/1/2014,0.06
A788RY2,4/1/2014,0.01
A825RY2,4/1/2014,0.04
A542RY2,4/1/2014,0.02
A798RY2,4/1/2014,0.02
A829RY2,4/1/2014,0.06
A991RY2,4/1/2014,0.01
A799RY2,4/1/2014,0.04
A191RL1,7/1/2014,0.8
DPCERY2,7/1/2014,1.12
DGDSRY2,7/1/2014,0.21
DDURRY2,7/1/2014,0.01
DMOTRY2,7/1/2014,0.06
DFDHRY2,7/1/2014,0.04
DREQRY2,7/1/2014,0.01
DODGRY2,7/1/2014,0.03
DNDGRY2,7/1/2014,0.19
DFXARY2,7/1/2014,0.02
DCLORY2,7/1/2014,0.04
DGOERY2,7/1/2014,0.07
DONGRY2,7/1/2014,0.07
DSERRY2,7/1/2014,0.9
DHCERY2,7/1/2014,0.93
DHUTRY2,7/1/2014,0.08
DHLCRY2,7/1/2014,0.37
DTRSRY2,7/1/2014,0.1
DRCARY2,7/1/2014,0.2
DFSARY2,7/1/2014,0
DIFSRY2,7/1/2014,0.11
DOTSRY2,7/1/2014,0.29
DNPIRY2,7/1/2014,0.02
DNPERY2,7/1/2014,0.05
DNPSRY2,7/1/2014,0.07
A006RY2,7/1/2014,1.05
A007RY2,7/1/2014,0.49
A008RY2,7/1/2014,0.44
A009RY2,7/1/2014,0.16
Y033RY2,7/1/2014,0.51
Y034RY2,7/1/2014,0.07
B935RY2,7/1/2014,0.01
A937RY2,7/1/2014,0.09
A680RY2,7/1/2014,0.2
A681RY2,7/1/2014,0.19
A862RY2,7/1/2014,0.46
Y001RY2,7/1/2014,0.09
B985RY2,7/1/2014,0.09
Y006RY2,7/1/2014,0
Y020RY2,7/1/2014,0.01
A011RY2,7/1/2014,0.05
A014RY2,7/1/2014,0.56
B018RY2,7/1/2014,0.07
A015RY2,7/1/2014,0.63
A019RY2,7/1/2014,0.93
A020RY2,7/1/2014,0.79
A253RY2,7/1/2014,0.44
A646RY2,7/1/2014,0.35
A021RY2,7/1/2014,0.14
A255RY2,7/1/2014,0.21
A656RY2,7/1/2014,0.07
A822RY2,7/1/2014,0.5
A823RY2,7/1/2014,0.41
A824RY2,7/1/2014,0.47
A997RY2,7/1/2014,0.46
A788RY2,7/1/2014,0.01
A825RY2,7/1/2014,0.06
A542RY2,7/1/2014,0.04
A798RY2,7/1/2014,0.01
A829RY2,7/1/2014,0.08
A991RY2,7/1/2014,0.04
A799RY2,7/1/2014,0.05
A191RL1,10/1/2014,0.5
DPCERY2,10/1/2014,0.01
DGDSRY2,10/1/2014,0.29
DDURRY2,10/1/2014,0.1
DMOTRY2,10/1/2014,0.05
DFDHRY2,10/1/2014,0.01
DREQRY2,10/1/2014,0.03
DODGRY2,10/1/2014,0.03
DNDGRY2,10/1/2014,0.19
DFXARY2,10/1/2014,0.04
DCLORY2,10/1/2014,0.11
DGOERY2,10/1/2014,0.07
DONGRY2,10/1/2014,0.03
DSERRY2,10/1/2014,0.28
DHCERY2,10/1/2014,0.25
DHUTRY2,10/1/2014,0.1
DHLCRY2,10/1/2014,0.29
DTRSRY2,10/1/2014,0.07
DRCARY2,10/1/2014,0
DFSARY2,10/1/2014,0.01
DIFSRY2,10/1/2014,0.27
DOTSRY2,10/1/2014,0.26
DNPIRY2,10/1/2014,0.02
DNPERY2,10/1/2014,0.13
DNPSRY2,10/1/2014,0.11
A006RY2,10/1/2014,0.84
A007RY2,10/1/2014,0.02
A008RY2,10/1/2014,0.15
A009RY2,10/1/2014,0.04
Y033RY2,10/1/2014,0.19
Y034RY2,10/1/2014,0.07
B935RY2,10/1/2014,0
A937RY2,10/1/2014,0.07
A680RY2,10/1/2014,0.12
A681RY2,10/1/2014,0.03
A862RY2,10/1/2014,0.41
Y001RY2,10/1/2014,0
B985RY2,10/1/2014,0.06
Y006RY2,10/1/2014,0.05
Y020RY2,10/1/2014,0.01
A011RY2,10/1/2014,0.18
A014RY2,10/1/2014,0.85
B018RY2,10/1/2014,0.04
A015RY2,10/1/2014,0.81
A019RY2,10/1/2014,0.13
A020RY2,10/1/2014,0.34
A253RY2,10/1/2014,0.18
A646RY2,10/1/2014,0.16
A021RY2,10/1/2014,0.21
A255RY2,10/1/2014,0.02
A656RY2,10/1/2014,0.18
A822RY2,10/1/2014,0.14
A823RY2,10/1/2014,0.13
A824RY2,10/1/2014,0.11
A997RY2,10/1/2014,0.18
A788RY2,10/1/2014,0.07
A825RY2,10/1/2014,0.02
A542RY2,10/1/2014,0.02
A798RY2,10/1/2014,0
A829RY2,10/1/2014,0.01
A991RY2,10/1/2014,0.04
A799RY2,10/1/2014,0.05
A191RL1,1/1/2015,0.4
DPCERY2,1/1/2015,0.12
DGDSRY2,1/1/2015,0.2
DDURRY2,1/1/2015,0.05
DMOTRY2,1/1/2015,0.01
DFDHRY2,1/1/2015,0.03
DREQRY2,1/1/2015,0.05
DODGRY2,1/1/2015,0.01
DNDGRY2,1/1/2015,0.14
DFXARY2,1/1/2015,0.09
DCLORY2,1/1/2015,0.04
DGOERY2,1/1/2015,0.01
DONGRY2,1/1/2015,0.01
DSERRY2,1/1/2015,0.32
DHCERY2,1/1/2015,0.39
DHUTRY2,1/1/2015,0.16
DHLCRY2,1/1/2015,0.1
DTRSRY2,1/1/2015,0
DRCARY2,1/1/2015,0.05
DFSARY2,1/1/2015,0.05
DIFSRY2,1/1/2015,0.09
DOTSRY2,1/1/2015,0.04
DNPIRY2,1/1/2015,0.07
DNPERY2,1/1/2015,0.06
DNPSRY2,1/1/2015,0.13
A006RY2,1/1/2015,1.05
A007RY2,1/1/2015,0.92
A008RY2,1/1/2015,0.64
A009RY2,1/1/2015,0.53
Y033RY2,1/1/2015,0.14
Y034RY2,1/1/2015,0.07
B935RY2,1/1/2015,0.04
A937RY2,1/1/2015,0.03
A680RY2,1/1/2015,0.09
A681RY2,1/1/2015,0.15
A862RY2,1/1/2015,0.12
Y001RY2,1/1/2015,0.01
B985RY2,1/1/2015,0.06
Y006RY2,1/1/2015,0.09
Y020RY2,1/1/2015,0.02
A011RY2,1/1/2015,0.28
A014RY2,1/1/2015,0.13
B018RY2,1/1/2015,0.12
A015RY2,1/1/2015,0.01
A019RY2,1/1/2015,0.67
A020RY2,1/1/2015,0.15
A253RY2,1/1/2015,0.16
A646RY2,1/1/2015,0.01
A021RY2,1/1/2015,0.83
A255RY2,1/1/2015,0.81
A656RY2,1/1/2015,0.01
A822RY2,1/1/2015,0.14
A823RY2,1/1/2015,0.06
A824RY2,1/1/2015,0.07
A997RY2,1/1/2015,0.11
A788RY2,1/1/2015,0.04
A825RY2,1/1/2015,0.02
A542RY2,1/1/2015,0.01
A798RY2,1/1/2015,0.02
A829RY2,1/1/2015,0.08
A991RY2,1/1/2015,0.01
A799RY2,1/1/2015,0.09
A191RL1,4/1/2015,1.6
DPCERY2,4/1/2015,0.43
DGDSRY2,4/1/2015,0.16
DDURRY2,4/1/2015,0.04
DMOTRY2,4/1/2015,0.02
DFDHRY2,4/1/2015,0.02
DREQRY2,4/1/2015,0
DODGRY2,4/1/2015,0.04
DNDGRY2,4/1/2015,0.1
DFXARY2,4/1/2015,0
DCLORY2,4/1/2015,0.03
DGOERY2,4/1/2015,0.01
DONGRY2,4/1/2015,0.09
DSERRY2,4/1/2015,0.28
DHCERY2,4/1/2015,0.18
DHUTRY2,4/1/2015,0.01
DHLCRY2,4/1/2015,0.03
DTRSRY2,4/1/2015,0.07
DRCARY2,4/1/2015,0.03
DFSARY2,4/1/2015,0.02
DIFSRY2,4/1/2015,0.06
DOTSRY2,4/1/2015,0.13
DNPIRY2,4/1/2015,0.11
DNPERY2,4/1/2015,0.04
DNPSRY2,4/1/2015,0.15
A006RY2,4/1/2015,0.79
A007RY2,4/1/2015,0.69
A008RY2,4/1/2015,0.6
A009RY2,4/1/2015,0.22
Y033RY2,4/1/2015,0.28
Y034RY2,4/1/2015,0.18
B935RY2,4/1/2015,0.03
A937RY2,4/1/2015,0.16
A680RY2,4/1/2015,0.03
A681RY2,4/1/2015,0.03
A862RY2,4/1/2015,0.03
Y001RY2,4/1/2015,0.11
B985RY2,4/1/2015,0.03
Y006RY2,4/1/2015,0.12
Y020RY2,4/1/2015,0.02
A011RY2,4/1/2015,0.09
A014RY2,4/1/2015,0.1
B018RY2,4/1/2015,0.07
A015RY2,4/1/2015,0.17
A019RY2,4/1/2015,0.05
A020RY2,4/1/2015,0.03
A253RY2,4/1/2015,0.02
A646RY2,4/1/2015,0
A021RY2,4/1/2015,0.08
A255RY2,4/1/2015,0.06
A656RY2,4/1/2015,0.02
A822RY2,4/1/2015,0.32
A823RY2,4/1/2015,0.08
A824RY2,4/1/2015,0.07
A997RY2,4/1/2015,0.07
A788RY2,4/1/2015,0.01
A825RY2,4/1/2015,0
A542RY2,4/1/2015,0.01
A798RY2,4/1/2015,0
A829RY2,4/1/2015,0.25
A991RY2,4/1/2015,0.01
A799RY2,4/1/2015,0.24
A191RL1,7/1/2015,0.5
DPCERY2,7/1/2015,0.15
DGDSRY2,7/1/2015,0.09
DDURRY2,7/1/2015,0.01
DMOTRY2,7/1/2015,0.05
DFDHRY2,7/1/2015,0.02
DREQRY2,7/1/2015,0.04
DODGRY2,7/1/2015,0.01
DNDGRY2,7/1/2015,0.1
DFXARY2,7/1/2015,0.01
DCLORY2,7/1/2015,0.02
DGOERY2,7/1/2015,0.04
DONGRY2,7/1/2015,0.07
DSERRY2,7/1/2015,0.24
DHCERY2,7/1/2015,0.51
DHUTRY2,7/1/2015,0.05
DHLCRY2,7/1/2015,0.05
DTRSRY2,7/1/2015,0.04
DRCARY2,7/1/2015,0.06
DFSARY2,7/1/2015,0.03
DIFSRY2,7/1/2015,0.29
DOTSRY2,7/1/2015,0.12
DNPIRY2,7/1/2015,0.27
DNPERY2,7/1/2015,0.08
DNPSRY2,7/1/2015,0.34
A006RY2,7/1/2015,0.86
A007RY2,7/1/2015,0.13
A008RY2,7/1/2015,0.06
A009RY2,7/1/2015,0.1
Y033RY2,7/1/2015,0.26
Y034RY2,7/1/2015,0.15
B935RY2,7/1/2015,0.06
A937RY2,7/1/2015,0.09
A680RY2,7/1/2015,0.01
A681RY2,7/1/2015,0.08
A862RY2,7/1/2015,0.02
Y001RY2,7/1/2015,0.1
B985RY2,7/1/2015,0.05
Y006RY2,7/1/2015,0.08
Y020RY2,7/1/2015,0.02
A011RY2,7/1/2015,0.07
A014RY2,7/1/2015,0.73
B018RY2,7/1/2015,0.07
A015RY2,7/1/2015,0.66
A019RY2,7/1/2015,0.23
A020RY2,7/1/2015,0.15
A253RY2,7/1/2015,0.13
A646RY2,7/1/2015,0.02
A021RY2,7/1/2015,0.08
A255RY2,7/1/2015,0.09
A656RY2,7/1/2015,0.01
A822RY2,7/1/2015,0.02
A823RY2,7/1/2015,0
A824RY2,7/1/2015,0
A997RY2,7/1/2015,0
A788RY2,7/1/2015,0
A825RY2,7/1/2015,0
A542RY2,7/1/2015,0.01
A798RY2,7/1/2015,0.02
A829RY2,7/1/2015,0.01
A991RY2,7/1/2015,0.03
A799RY2,7/1/2015,0.05
A191RL1,10/1/2015,0.7
DPCERY2,10/1/2015,0.2
DGDSRY2,10/1/2015,0.17
DDURRY2,10/1/2015,0.04
DMOTRY2,10/1/2015,0.02
DFDHRY2,10/1/2015,0
DREQRY2,10/1/2015,0.02
DODGRY2,10/1/2015,0.04
DNDGRY2,10/1/2015,0.13
DFXARY2,10/1/2015,0.07
DCLORY2,10/1/2015,0.04
DGOERY2,10/1/2015,0.03
DONGRY2,10/1/2015,0.13
DSERRY2,10/1/2015,0.37
DHCERY2,10/1/2015,0.29
DHUTRY2,10/1/2015,0.02
DHLCRY2,10/1/2015,0.13
DTRSRY2,10/1/2015,0.09
DRCARY2,10/1/2015,0.2
DFSARY2,10/1/2015,0.01
DIFSRY2,10/1/2015,0.14
DOTSRY2,10/1/2015,0.01
DNPIRY2,10/1/2015,0.07
DNPERY2,10/1/2015,0.11
DNPSRY2,10/1/2015,0.18
A006RY2,10/1/2015,0.25
A007RY2,10/1/2015,0.03
A008RY2,10/1/2015,0.03
A009RY2,10/1/2015,0.01
Y033RY2,10/1/2015,0.03
Y034RY2,10/1/2015,0.08
B935RY2,10/1/2015,0.05
A937RY2,10/1/2015,0.02
A680RY2,10/1/2015,0.04
A681RY2,10/1/2015,0.07
A862RY2,10/1/2015,0.01
Y001RY2,10/1/2015,0.08
B985RY2,10/1/2015,0
Y006RY2,10/1/2015,0.07
Y020RY2,10/1/2015,0.01
A011RY2,10/1/2015,0.06
A014RY2,10/1/2015,0.23
B018RY2,10/1/2015,0.03
A015RY2,10/1/2015,0.26
A019RY2,10/1/2015,0.33
A020RY2,10/1/2015,0.06
A253RY2,10/1/2015,0.01
A646RY2,10/1/2015,0.05
A021RY2,10/1/2015,0.27
A255RY2,10/1/2015,0.25
A656RY2,10/1/2015,0.03
A822RY2,10/1/2015,0.1
A823RY2,10/1/2015,0.03
A824RY2,10/1/2015,0.03
A997RY2,10/1/2015,0.03
A788RY2,10/1/2015,0
A825RY2,10/1/2015,0
A542RY2,10/1/2015,0.02
A798RY2,10/1/2015,0.02
A829RY2,10/1/2015,0.07
A991RY2,10/1/2015,0.02
A799RY2,10/1/2015,0.05
